	acc	f1
0	0.23694779116465864	0.3076126251975781
1	0.24497991967871485	0.2885365804678402
2	0.2570281124497992	0.2817380541563706
3	0.21285140562248997	0.2978302506168532
4	0.23809523809523808	0.2717316743111084
