	acc	f1
0	0.1974921630094044	0.24179566451543966
1	0.19644723092998956	0.24140349613645135
2	0.1974921630094044	0.2165698290393724
3	0.19644723092998956	0.22888063146214047
4	0.19499478623566216	0.20948126383680873
