	acc	f1
0	0.221875	0.21039614660840308
1	0.190625	0.17254777719227032
2	0.225	0.17459267797611697
3	0.196875	0.17942627228623523
4	0.2191358024691358	0.17911823646340763
